url,title,phone,email,inn,contacts,description

https://krepcom.ru/,"Крепком - интернет магазин и склад крепежа, оснастки и инструмента в Санкт-Петербурге.",+79211827942;+79312523733;+79312522806;+74951204492;+78127482626;+78633220247,zakaz@krepcom.ru;21@krepcom.ru;eng139@krepcom.ru,,https://krepcom.ru/contacts/,Крепком - интернет магазин и склад крепежаоснастки и инструмента в Санкт-Петербурге×СПбОфис+()‑-СПбпрПросвещения+()--СПбУдельная+()--СПбЗвездная+()--Москва+()--Бесплатно регионам()‑-Контакты Доставка×КрепежЭлектрикаОснасткаИнструментТакелажСантехникаХимияЗамки и фурнитураСистемы хранения и складская техникаАкция Распродажа Оплата и доставка КонтактыО нас Новости Блог Каталог стандартов Калькулятор БрендыИнтернет-магазин крепежа и сопутствующих товаровАкция Распродажа Новости Блог Контакты Оплата и доставка О насВойтиСвязаться по телефону:()‑-+()--СПбОфис +()--СПбпрПросвещения +()--СПбУдельная +()--СПбЗвездная +()--МскEmail: zakaz@krepcom ruИзбранное:Нет товаровКорзина: пока пустоКаталогКрепежАвтокрепежАнкераАнтивандальный крепежБолтыБронзовый крепежВинтыВысокопрочный крепежГайкиГвоздиДюбеляДюймовый крепежЗаглушкипробкиЗаклепкиКонструкционные материалыКрепеж MUNGO (МУНГО)Крепеж для опалубкиКрепеж с левой резьбойЛатунный крепежМикрокрепежМонтажные лентыМонтажные площадкиМонтажные системыНеодимовые магнитыНержавеющий крепежПерфорированный крепежПластиковый крепежПлунжерыСаморезыСантехнический крепежСкобяные изделияСкрытый крепежСтопорные кольцаТитановый крепежФасадные дюбеляХимический анкерХомутыШайбыШплинтыШпонкиШтангишпильки резьбовыеШтифтыПрочий крепежСистема хромированных труб и держателей JOKERЭлектрикаIT-аксессуары и кабеляАвтоматические выключателиАккумуляторыАрматура для СИПБатарейкиэлементы питанияВытяжкивентиляторыИзоляторы и крепленияКабелиКабельные короба и аксессуарыКабельныеболтовые наконечникиразъёмы и гильзыЛотки монтажныеМаркировка проводов и кабелейМеталлорукав и скобы для крепежаМолниеприемное оборудованиеОсвещениеПрессы для оконцеванияРозеткиСтроительные клеммы и кабельные сжимыТрубки термоусаживаемыеУдлинителиОснасткаБурыСверлаБитыголовкипереходникиДискикруги отрезныечашкиАдаптерыпереходникиДолотазубилапикиЗенкерызенковкиКоронкиНасадки миксеры (мешалки)Пилки для лобзиков и пилФрезыШлифовальная бумагаЭлектродыПрочий расходникТехника для алмазного бурения бетона TYROLITИнструментАвтомобильный инструментГайковертыГайкорезыГрадусникитермометрытермогигрометрыДля сварочных работДомкратыДрелиЗаклепочникиИзмерительный инструментКлючиКолесаролики и колесные опорыКраскопульты и аэрографыЛестницыстремянкилесаМалярный и отделочный инструментМаркерыМультитулыНаборы инструментовНапильники и рашпилиНасосыНожиНожницы по металлуНожовкиОтверткиПистолетыПневмоинструментПромышленные материалыПросечкиРезьбонарезной инструментРемкомплекты к инструментамРубанкиСкладская техникаСпецодеждаСредства индивидуальной защитыСтамескиСтеплерыСтрубциныТентовые материалыТискинаковальниТочильные камни и брускиТруборезытрубогибыУдарно-рычажный инструментХранение инструментаЧертилкиШарнирно-губцевый инструментШлифовальные машиныШпильковертыЭкстракторыЭлектроинструментТакелажРым болтрым гайкаЦепиКарабиныСкобы такелажныеКанатыверевкишнурыЗажимы тросаСтропыТалрепыДругой такелажТросыБлоки такелажныеКоушиКрюки такелажныеОбухи такелажныеСоединители цепейстропСтяжные ремниТали и лебедкиСантехникаТрубыФитингиМуфты зажимныеАппараты для сварки пластиковых трубВентиляцияГазовые шлангиСадовые шланги и аксессуарыШтуцерыХимияАвтохимия и автокосметикаГерметикиКлеиКолеровочные веераЛакокрасочные материалыМонтажные пены и аксессуарыРастворителиФиксаторы резьбыЗамки и фурнитураЗамкиЗамки-защелкиЗамки регулируемые (натяжные)Прижимы механическиеРучкиРукоятки зажимныеМаховики и заводные рукояткиПрочееСистемы хранения и складская техникаРабочие столыСейфыСтеллажиШкафыРаспродажаУгольник-транспортир метрический Swanson Speed Square (EU)алюминиевыйрубрубКупить в один кликДюбель Fischer DUOPOWERхммрубрубКупить в один кликПетля рояльная усиленнаяxxмм Lc-(нержавеющая сталь)рубрубКупить в один кликЗамок регулируемый натяжной L=-мм ()цинкрубрубКупить в один кликНовости компанииОткрытие нового магазина в СПб--Режим работы магазинов в праздничные дни--Раскрась и получи скидку%--все новостиНовости отраслиНовые веревки в линейке ОАО «Канат»--Лазерный нивелир PM-MG - новинка от HI

https://elsvarkin.ru/,"Электродуговая сварка, ковка и обработка металла",,,,https://elsvarkin.ru/texnologiya/xolodnaya/plastilin-kontakt/,Электродуговая сваркаковка и обработка металлаПерейти к контентуElsvarkin ru Все о сваркеТехнология Оборудование Материалы Аттестация ТБКлей-пластилин «Контакт»: разновидность холодной сваркииспользуемой для ремонта и скрепления деталейХолодная сварка как клеящий состав – достаточно популярный на сегодняшний день клейкоторый используетсяКак отремонтировать радиатор автомобиля с помощью холодной сварки? Подготовительный и основной этапы работыРадиатор является одним из ключевых элементов системы охлаждения любого автомобиляПоэтому в случае возникновенияХолодная сварка для труб отопления: возможности использования при ремонтах труб и радиатороввыполненных из различных металловХолодная сварка – достаточно универсальный способ осуществления ремонта различных изделий из металловособенно еслиИспользование холодной сварки для соединения различных изделий и деталей из нержавеющей сталиНержавеющая сталь – это особый вид металлакоторый практически не подвержен коррозионным поражениям заПопулярные модели оборудования для выполнения высокоточной автоматической сварки под флюсомСовременное автоматическое оборудование для сварки под флюсом ускоряет процесс работы и обеспечивает контроль полученияОбзор оборудования для стыковой сварки полиэтиленовых и полипропиленовых трубСтыковая сварка стала самым простымдоступным и в то же время качественным способом соединенияВыбор диаметра электрода для сварки в зависимости от параметров выполняемых работСравнительная таблицаВ процессе сварки учитываются многие параметрыв том числе длина электродахарактеристики его покрытияХолодная сварка для алюминия: выбор средстваособенности технологического процессаТехника безопасностиБлагодаря ряду положительных качествалюминий (Al) широко распространен при изготовлении различных деталей и изделийАттестация и сертификация электродов как сварочного материала Национальным агентством контроля сваркиНациональное агентство контроля сварки (НАКС) – специализированная организация на территории Российской Федерацииосуществляющая контрольРасстояние между сварными швами трубопровода как один из обязательных аспектов соблюдения технологии сваркиИнженерное сооружениепредназначенное для транспортировки различных веществназывают трубопроводомПо трубопроводам подаётся вода иВосстановление бензобака холодной сваркой – особенности и методикиКритерии выбора марки холодной сваркиТопливный бак является основной деталью системы питания автомобиляотвечающей за хранение топлива и егоЧто собой представляет холодная сварка? Ее видыхарактеристикиспособы использованияВо многих случаях при ремонте как металлических деталейтак и конструкцийизготовленных из неметаллическихХолодная сварка: где применяется и сколько нужно времени на застывание? Что влияет на процесс застывания?Под названием «холодная сварка» понимают различные композитные клеевые составыобъединённые общим способом соединения материаловСварка кузова автомобиля холодной сваркойПлюсы и минусыИспользование самодельного аналогаС научной точки зренияхолодной сваркой (Cold Welding) называют процесс соединения сплавов без разогреваПоиск аттестованных сварщиков в реестре Национального агентства контроля сварки (НАКС): подробная инструкцияНайти хорошего технического специалиста порой непростоВ профессияхсвязанных с производством и монтажом коммуникационныхВыбираем герметик для сварных швов автомобиляТоп-позиций: критерии выбораособенности примененияКузов современного автомобиля состоит из десятков отдельных частейсоединенных друг с другом разъемно илиОсновные виды аппаратовприменяемые для плазменной сваркиТехнические характеристики и особенностиПлазменная сварка – один из наиболее современных видов сваркиТакая сварка осуществляется с помощьюГазовые баллоны для сварки: разновидности и назначениеВ какие цвета красят и как маркируют?Для хранениятранспортировки и эксплуатации газовых смесей используют специальные ёмкости из сталиЧто собойРазновидности газовых смесей для сварки полуавтоматомКлассификацияразличия и области примененияВыбор необхо

https://kraska.guru/,"Гуру Красок — портал о красках, лаках и защитных покрытиях",+74995179172;+74996536759;+74955454454;+78005550572,,,https://kraska.guru/kontakty," Гуру Красок — портал о краскахлаках и защитных покрытияхВ закладки ВходРегистрация НовостиФирмыКнигиБрендыТоварыДокументы КраскиВиды красокРабота с краскамиАвтопокраскаДля рисованияЛакиВиды лаковРабота с лакамиГрунтовкиВиды грунтовокРабота с грунтовкамиСмесиШпаклевкаШтукатуркаЦемент и бетонСпецматериалыЗащита древесиныКоррозияДругие покрытияКлейМарки клеевДля напольных покрытийДля обоевДля плиткиДля строительстваСмолыУдаление клеяИнструментыРучной инструментЭлектроинструментГерметикиМарки герметиковДля строительстваАвтомобильныеМонтажная пенаЖидкие гвоздиДизайнЦветовые решенияИнтерьерыЗвездные домаДомОбзоры товаровСоветы по хозяйствуНовости лакокрасочной промышленностиСтроительная пена с экологичным составом — инновация на рынкеАмериканские ученые и инженеры постоянно радуют строителей новыми прогрессивными материаламиНедавно они сделали монтажную пенуне вредящую окружающей средеЛинейка штукатурок CLAYWORKS: ассортимент и возможностиНатуральная глиняная штукатурка марки CLAYWORKS – это новый вид экологичной отделки на природной основеМатериал представлен в широком ассортименте по цветам и текстурамНовые горизонты в дизайне и декорировании: спеченная плитка от LapitecПлитка из спеченного камня от компании Lapitec из Италии дает возможность декорировать жильезагородные владениясоздавать необычную мебель своими руками Хотите знать все о красках?Лакокрасочное покрытие – это сформировавшаяся пленкакоторая образовывается на поверхности материала Оно необходимо для защиты древесиныметаллабетонасинтетических материалов от разного рода разрушенийпридания поверхности нужного оттенкафактуры и декоративных свойств Лакокрасочные покрытия по эксплуатационным характеристикам разделяются на несколько разновидностей: водостойкиетермостойкиеатмосферостойкиестойкие к химическим воздействияммаслобензостойкие Более подробно об этих материалах и способах их нанесения вы узнаете со страниц нашего портала Новые статьи на порталеОбзоры товаровМягкие окна — отличная альтернатива традиционным стеклопакетамДизайн интерьераГалечная плитка в интерьере: как сделать имитацию морского побережья домаДругие покрытияКожаные полы – уникальная альтернатива традиционным покрытиямДругие покрытияКокосовая мозаика — экзотический материал для отделки вашего домаОбзоры товаровLVL-брус: как построить дом замесяцаДругие покрытияКак самому сделать столешницу из искусственного камня: подробная технологияПодписывай­тесь!Популярные фирмыВ нашем каталоге опубликованофирмукоторые занимаются продажей лакокрасочных материаловотделочных смесей и защитных покрытийа также предоставлением услуг в этих сферахЕсли вы считаетечто организациякоторую вы представляетедолжна присутствовать в каталогедобавьте ее Холдинговая Компания ""Голдман Групп"" Радиальная-я улицадомстроениекомната+()/ООО ""Магические краски"" МоскваВаршавское шосседстр+/Интернет-магазин ""Гипострой"" МосквамМолодежнаяулОршанскаяд+()--+()--/Новые поступления товаровКаталог товаров насчитываетнаименований продукции в десяти категорияхкоторые относятся к защитным покрытиямлакокрасочным материалам и малярным инструментамИспользуя интерактивное менювы можете ознакомиться с новыми поступлениями от различных производителей Краски Краски и эмалиЛакиНаливной полПропитки и гидроизоляцияГрунтовкиРемонтные составыСпециальные материалыУФ-стойкая грунт-эмаль полиуретановаяот₽Эпоксидный теплоизолирующий материалот₽Грунт-эмаль полиуретановая Сверх Быстросохнущая от₽Грунт-эмаль винил-полиуретановая от₽УФ стойкая эмаль полиуретановаяот₽УФ-стойкая универсальная эмаль полиуретановаяот₽УФ-стойкий полиуретановый лакполуглянцевыйот₽Кислотоупорный фторопластовый лакот₽Кислотоупорный эпоксидный лак от₽Лак полиуретановыйполуматовый от₽Лак полиуретановый универсальныйот₽Паркетный лакот₽Белый эпоксидный наливной полот₽ D пол от₽Искробезопасный наливной полот₽Наливной эпоксидныйкислотоупорный пол от₽Спортивное покрытие от₽Эпоксидный наливной пол с кварцемот₽Силерот₽Мастика гидроизоляционнаяот₽Проникающая полиуретановая гидроизоляция от₽Пропитка для фас"

http://bimetall.ru/, Калужский завод по обработке цветных металлов,,info@bimetall.ru,,http://bimetall.ru/contact/,Калужский завод по обработке цветных металловRU EN DE+||--/ info@bimetall ruО КОМПАНИИИСТОРИЯ РУКОВОДСТВО НОВОСТИ ВЫСТАВКИ УСЛОВИЯ ТРУДАПРОДУКЦИЯПЛАКИРОВАННЫЙ МАТЕРИАЛБИМЕТАЛЛМедь — Сталь — Медь Томпак — Сталь — Томпак Латунь — Сталь — Латунь Алюминий железо-кремнистый — Сталь — Алюминий железо-кремнистый Алюминий железо-кремнистый — Сталь — Никель Нейзильбер — Сталь — Латунь Нейзильбер — Сталь — Нейзильбер Мельхиор — Сталь — Мельхиор Мельхиор — Медь — Мельхиор Алюминий — Медь Алюминий железо-кремнистый — НикельПРЕЦИЗИОННЫЙ СТАЛЬНОЙ ПРОКАТЛенты и полосы стальные холоднокатаныеПРЕЦИЗИОННЫЙ ПРОКАТ ИЗ ЦВЕТНЫХ МЕТАЛЛОВ И СПЛАВОВЛенты из меди и медных сплавовЛенты медные Ленты латунные Ленты бронзовыеЛенты из медно-никелевых сплавов Ленты из алюминия и сплавов на его основеКАЧЕСТВОПОЛИТИКА В ОБЛАСТИ КАЧЕСТВА СЕРТИФИКАТЫОБОРУДОВАНИЕПОДГОТОВИТЕЛЬНОЕЛиния электролитического обезжиривания Линии двухсторонней зачистки Линии односторонней зачистки Вальцешлифовальные станки Установка обезжиривания валковых щёток Установка стрижки валковых щётокПРОКАТНОЕКВАРТО-нереверсивный стан КВАРТО-реверсивный станОТЖИГОВОЕЭлектронагревательная печь протяжного отжига Колпаковая печная установка Высококонвективная газонагревательная печная установка Линия перемотки лент перед отжигомРЕЖУЩЕЕЛинии продольной резки и обрезки кромок Линия резки тонких металлических лент Линия поперечной резкиУПАКОВОЧНОЕПолуавтоматический паллетоупаковщикЛАБОРАТОРНОЕПРЕДЛОЖЕНИЯВАКАНСИИКОНТАКТЫКОНТАКТНАЯ ИНФОРМАЦИЯ ОБРАТНАЯ СВЯЗЬМЕНЮ>потребителей в месяц >типоразмеровплакированных лент >мПроизводственных площадей >тисходного материала закупается ежемесячно >%продукции на экспорт <человек работает на предприятииСвершилось:и вдольи поперекУважаемые Партнёры и Потребителиплакированных материалов!Калужский завод по обработке цветных металлов находится в городе КалугеКалужская область – один из самых экономически развитых субъектов Российской ФедерацииРегион занимает лидирующие позиции в России по темпам роста промышленностиобъёмам инвестиций и уровню ежегодно внедряемых в производство передовых технологийСвои проекты в регионе реализуют крупнейшие международные концерны: VolkswagenVolvoPeugeotCitroenMitsubishiSamsungContinental и многие другиеВ списке предприятий металлообрабатывающего комплекса достойное место занимает Калужский завод по обработке цветных металлов – лидер по производству плакированных материалов в РоссииПриглашаем Вас посетить наше предприятие и познакомиться с производством плакированных материаловС наилучшими пожеланиями и до встречи на Калужской землеИсполнительный директор Александр Руденко ПодробнееПроизводствоПодготовительное Прокатное ОтжиговоеРежущее Упаковочное ЛабораторноеООО «Калужский Завод ОЦМ»РоссиягКалугаул-й Академический проезд дinfo@bimetall ru +||--Обратная связьО КОМПАНИИИСТОРИЯ РУКОВОДСТВО НОВОСТИ ВЫСТАВКИПРОДУКЦИЯПЛАКИРОВАННЫЙ МАТЕРИАЛБИМЕТАЛЛ ПРЕЦИЗИОННЫЙ СТАЛЬНОЙ ПРОКАТ ПРЕЗИЦИОННЫЙ ПРОКАТ ИЗ ЦВЕТНЫХ МЕТАЛЛОВ И СПЛАВОВКАЧЕСТВОПОЛИТИКА В ОБЛАСТИ КАЧЕСТВА СЕРТИФИКАТЫОБОРУДОВАНИЕПОДГОТОВИТЕЛЬНОЕ ПРОКАТНОЕ ОТЖИГОВОЕ РЕЖУЩЕЕ УПАКОВОЧНОЕ ЛАБОРАТОРНОЕПРЕДЛОЖЕНИЯВАКАНСИИКОНТАКТЫКОНТАКТНАЯ ИНФОРМАЦИЯ ОБРАТНАЯ СВЯЗЬ(c) ООО Калужский завод ОЦМ

https://ru.esdifferent.com/,,,,,,"�b �/��r�W��)�� ��P�a����kd�X�*A�\����� ᓆ�dv�>�{� h��=J��_>�>%���B�c$�uW�$��뛧����J���Ĭv����rW���� k��E�X�' T\��ᎁ����S�r�~{����jH������m�/��W]錅u�Yܖ)/�]��tjīg=�O-��ţjn�@�ުF�u�pOxYPxĳ�g��W)���[w ?�ߍ�X�O�ۂW�:��(�������Vڴ�jA{ ��?��PP��ɾ٬�T�O#g��͆�X��R�ZQR�QW!� �K�)���^�ָ�
����{^�|�S���V��)ǟ���zbY��Ii�`/v�ـb��TKu��=a�u��� �q$G��F��y���ù� ��e��]!i I�a���k$���H��c��L��(F ������:Yq�yuv�z���_��A���� /�E�QX����'�""ty�$i�#��F � �k�H�[�h��Z��(�Y��k���^�]�PE��ux�Y��Y�G� ^��Je�ުb���Θm}i�b@O�]*{OpM�|}�� ���n��:^��Y��u�KJ����>����M\c�!����� S&&P��|_I�W���*���������E+ E���N�L�%u���f��yl�_'��g �ˎ���I��*Y`*_\'kY)D�:�� ��-j��*L���~����E� ��f ���$����o϶�dAn-���b����q)�$�~o�yO��gٞ���u�+W����n-�""�����Pӫ;Ԙ��lP�����A�T��|�򳣾�$� �U�B��QVŋV� Vx�>��*�/��NMރ�}]���H�SN�/n�� ��������Z a��F�!��M!)?��P�������� �k�^ ۽����q�EƁ�+��~Y�S �z��@E�+�
bٌ �v�HJu� �����`y�ɊԾ � ���n���^q�Z�N��U ʯLIc�;��∍*#����MN�%(������d �QA��م��IY���foj�m�ϢsY�� ��� Jz�Jb��]��M���Tk#�Ղ��ܠ�-w���G����b]�"" e[y� �A��Za�-��Әp�D�X�b ����-� B��ᱹ�� �e����l(�u�{�Z""�t���bK�#|��k���za�""ڄ��� �L�Έ ���q ��n�j���)��gX���Cg�tK�̛� ����^�Pns����V؜�z ��� o �O�����Q�S�}} ��a�n �ɧ�|�܅t ��� L�_�Ｕ�)�&|����lX���
�Ȇe�m�L 줓�D
����-&�T�E�
V%X""Ǒ'� �풗� h#~���AV�""׵�gf����{�*��g:����B?I� � ?�(� �B��@�X�ʷ �� �p�%N���&�t��� ��ol�d�B�s����hw�� bGy���}븈e�p��d� ®:�PA""w�S�=���� v���߳�Gqi�Q�U�a�'� B?+\?t
�ڻ��~��Z �D�@H�C���a�G_p�pf!��r�o�I ·��]��@�}HA��B�)���-�aQ̠����� J�� ����� / �Ec�*/KBJ �RE}�*� �W���_g�Q�&��E��>���S�tu�@�:������ǸP���x���/��V�s�� � G�S$G��~D����h�J�˗��s�j�r�ɑ:@Z� J����G�����kZyf�(�!� ��l�Iک���������RV��x�m\ڭͷD޻ �d�O_�p""��hQ�""]$�u&���p�� U�����Gt|��h�;HZk�&�FUf�!` ;�ܸ~��w�� $�ߧ�|׏�(L�x-��o[��@����p��b�GP�{���� y���*�ϐ""���o��j�ԇ!C���C�bL��a��l�T�c��!��� ���n�����|b�M��g���L���k�l����в��On�(�`���u����k�����an����M ~��#`±G�O si���z�e �(� f�X u- :k��jj�:W�{�R׭�����µ�;�t>\?��U�xcq /��Fy����VD�#��D���¼�K:M��t��v���in|>��khW `x �o댺���`#� �=el���J)t�d�MK|���(��P�)h)NT�iB��s� � ��N��\H�O���-l�Kσ� &xet����\A� V""a�O/�Y��{�ܶķG������W� +���yX yۍ�ID� �Eθ� ��MĔ� Vr� ���� �����W����P ��\�����@{��pz(v�T����:�ז�l:G�;> ���|K�O�Ms�� ��S��ӗ��װ����yl�O�( tZO顐�}����[H�)�T������TE\�`k�(�Q-�q�\ZYǈt\�&\Y�\Y��� qR���� �-b�+z��k��슦�-!N�]r�+�iAKV�- � �y xe����-�`afwv �-���yw�=j��Z��)�|\�-Kg���bò��:r䲾x����枞�H ?�>O�>�y�v���Gow������do'�vl�Η"" �v~H�UɇE�C��_^����'�ᶤw O���D�����Md�� Ȇ �H�� � k eo�ԓCNᙄQ��u!ׇ�x�K~�~��O�P�ʟ�{qoI� � �J�L�˓�h��pu�U�_a��� ��^d�?A y�l�Z���xP�������j�q� �����G�^�׻��xl��G�g��Lc���� +��k� �����nhi�{��)""�e_�������?O�{��� K�(�H������*�v#�h� �ݽ�H�t���ǹO""Y��ݚ��p~�� Y�Z�LP�h������V����Swu�DT� I[x�O�����ϲ�$����K-��;�m���?X�P!EW^+�� % Dz m��wn����� |�� <>ml��a�_�;��PK��i����EF ��Qn� >�{O
�O�zC�������Ji|M'
�ǯ��A^���)t�� f ���Q�O�'�F/ ���-��Bȃ; z �E�|LcB���� ���hTZ�=Ke���YS����cE̹ � ���g �̊so^�q��`���]k�AKL��fo �o�d(;a� h� ]���ӲQ�+^�TqI��SL �O��Zw��k���}U�m ���p�$�U�h��] �Yr���{Jd �H�� ���U���%�� ���+y �m@����f���x���+�M : ����F��M�ˀ��L�� �v{�J����i� ��ju�i� �
)B�b��B ə�L�] ؚM�v'�|?S`NCz��t��k�]ͫ��Ư&�b��r��#HQ���ǟt fyJ��~�lF�)���%�Ƅb�~�m-��QF�L���ps� ����L ��� ���ߧ�Ń�>� !
& ��E%\��N�� �""CaG���D�F����`��-?����}~�w�m?)� �� L�g��-�Q��� � ��ᰂ���| ����vU�l� %tD�@C�e��[A��Z섯hSh�Q f���ZR A���݃i�}�ϪAt҄�v�rt;�|) ��¶�u��/f��W�T�m��t �U��p�(��z���eFܿגX?��Q��V�|� {fr�á��'^#v���Z�ݔ��+��rȬ��� }�>�*>s�q��l�T�e� S�]�������QӚ��-D`K�X��Dn {�BV���-E>:� �Ma��sP���`oVkQ���`D dݲZ��>t�� ��vź[��B����`r���`��iq���t��}m*��p �K� ��M� �/ �O""LW��l �ol����x��$����j��;W�pؑ�d��\ q�V���au���(k�[�����_�u�� �Ǔ��������� �\����H P/�a-�+�Uƣ|��g밴�@(ģ$�E FZ[�-� �i��� ӐY��PF���!r� t� �ӭ�h��Ҫ�R)�E�#X�>���դc��� BCE��Jc��Z��L���:�Z���$ p*A�t?@��~|Mo�����׎=�""
�}`cL��ϳS$bd�Y�u�be���B��#Ӫ���v�`����[en�q��̎&��N:xcS�!�+�/nP �*�yќZ��rn�{;��W�}��x m��$������Oꍪ �=��� �@��\\����D/� �ݗޘ�ߐe�Dr��@fC!�X+���� � %^I""!R�*l�� #���=`Э\��&�����!�+K �n����!�%�l!lҊC~l���W�Jc\ � d�(�Ipc�U�
H#!�Pȫ�t�jZ�v� ����M��;����سk����oM��n�$^""��N�:��@ �;GUg��� �}ڍ!�K�ь@ཛs �����i�Lc �\*-��FW� #�LɕF��h PG�%c �n�n�]����'G��^~+�)�p& ���Rs >�r
�F��+vO�φ��%�t{�y��xk���¨���͈�����x���qG�
�PpN�"

https://www.spglobal.com/,Accelerating Progress | S&P Global,+78664368502,relations@spglobal.com,,https://investor.spglobal.com/contact-investor-relations/contact-ir/default.aspx,Accelerating Progress | S&P GlobalCorporate/en/indexcontentesgSubNavLog in to other products Login to Market Intelligence PlatformEmail Address Email Address is RequiredPassword Password is RequiredLoginRemember Me&nbsp/ Looking for more?Request a Demo You're one step closer to unlocking our suite of comprehensive and robust toolsFill out the form so we can connect you to the right personRecent awards include:Best Credit Risk Management Product Best Research Provider Best Low-Latency Data Feed ProviderIf your company has a current subscription with S&P Global Market Intelligenceyou can register as a new user for access to the platform(s) covered by your license at Market Intelligence platform or S&P Capital IQContactFirst Name*Last Name*Business Email *Phone *BusinessCompany TypeJob FunctionCompany Name *Credit Analysis ESG Analysis Quantitative Analysis Fundamental Analysis Portfolio & Risk Analysis Idea Generation Research Investment Strategy Data Feeds Reporting/Data Warehousing Peer and Competitive Analysis Sector Intelligence Supply Chain Intelligence Enterprise Technology Intelligence Other (please specify in comments)LocationCity *YesI would like to receive promotional emails containing essential industry insightsevent invitationsand relevant solutions from S&P Global Market IntelligenceWe generated a verification code for youEnter verification Code here** RequiredRequestClicking 'Request' means you agree to the Terms and have read and understood the Privacy PolicyThank youOne of our representatives will be in touch soon to help get you started with your demoThank you for your interest in S&P Global Market Intelligence! We noticed you've identified yourself as a studentThrough existing partnerships with academic institutions around the globeit's likely you already have access to our resourcesPlease contact your professorslibraryor administrative staff to receive your student loginAt this time we are unable to offer free trials or product demonstrations directly to studentsIf you discover that our solutions are not available to youwe encourage you to advocate at your university for a best-in-class learning experience that will help you long after you've completed your degreeWe apologize for any inconvenience this may causeSitesS&P GlobalS&P Global RatingsS&P Global Market IntelligenceS&P Dow Jones IndicesS&P Global PlattsS&P Global SustainableInvestor RelationsInvestor Relations OverviewPresentationsInvestor Fact BookNews ReleasesQuarterly EarningsSEC Filings & ReportsOperating CommitteeGovernanceStock & DividendsShareholder ServicesContactEnglishEnglish中文SupportContact UsMedia ContactsWho We Are Capabilities Research & Insights Careers EventsOur Company Our Purpose & Values Our People Our History Corporate Responsibility Diversity & Inclusion Investor RelationsFrom S&P Global Press Release: S&P Global and IHS Markit to MergeOn NovS&P Global and IHS Markit announced they have entered into a definitive merger agreement to combine in an all-stock transaction which values IHS Markit at an enterprise value of $billionincluding $billion of net debt Read:Annual ReportInour people showed tremendous resilienceresponsibility and resolve to support one anotherour customersour communitiesour suppliersand in doing sohave served our shareholders Read: A statement from S&P Global President and CEO Doug PetersonAt S&P Globalwe can’t change the world overnightBut we can take action to affect changeOUR CAPABILITIES Overview Data & Analytics Research & Commentary Benchmarks Credit Ratings ESG SolutionsOUR DIVISIONS S&P Global Ratings S&P Global Market Intelligence S&P Dow Jones Indices S&P Global Platts CRISILAn S&P Global CompanyLatest Featured Topics PodcastsMeasuring the Health of the Global EconomyMost Popular Insights Read: Coal’s ConundrumCoal will likely continue to be an easy target for elimination from the global energy mix after years of the industry's structural decline Read: Natural Capital and Biodiversity: Reinforcing Nature

https://avpintegral.com/,,,,,,

https://zandz.com/,"
        Молниезащита и заземление ZANDZ.com    ",+74951343351,info@zandz.com,,,"Молниезащита и заземление ZANDZ comПрофессиональный Центр Знаний ZANDZ com о МОЛНИЕЗАЩИТЕ и ЗАЗЕМЛЕНИИ: статьи и обучающие вебинарырешения и расчётыОборудованиеЗаземлениеМодульное заземление Модульное заземление из нержавеющей стали Электролитическое заземлениеСтандартное решение С вертикальным электродом Для нефтегазовой отрасли (горизонтальный) Для нефтегазовой отраслиЗаземление в частном доме ПроводникиПроволока омедненная Полоса омедненная Проволока оцинкованная Полоса оцинкованная Полоса нержавеющая Проводник заземляющийПродукция GALMAR Монтаж заземления Примеры применения и типовые решения СертификацияМолниезащитаЗеленая молниезащитаПринцип работы Варианты конструкции Примеры использования Надежность и эффективность работы зеленой молниезащиты Вопросы и ответы о современных способах молниезащитыГотовые комплекты молниезащиты для частного домаДля частного дома с дымоходной трубой Для частного дома с двускатной крышей без дымоходных труб Для частного дома с четырехскатной крышей без дымоходных труб Для частного дома со сложной крышей с наличием не менее двух трубИзолированная молниезащита ZANDZИзолированные молниеприемники Изолированные зажимы и держатели Изолировоанный токоотводСистемы тросовой молниезащиты ZANDZВысотная тросовая молниезащита ZANDZ Кровельная тросовая молниезащита ZANDZЭлементы молниезащиты Молниеприемники Молниеприемники активные Токоотводы Зажимы для токоотводов Система предупреждения о молнииЗащита (УЗИП)Защита от перенапряжений Готовые решения для защиты различных системРешения для частного дома Решение для систем видеонаблюдения Решение для систем катодной защиты Решение для солнечных панелейРешение для систем контроля доступа и охранной сигнализации Решение для пожарной сигнализации Решение для спутникового телевиденияЗащита от импульсных перенапряжений в цепях питанияОграничители импульсных перенапряжений класса+ +Ограничители импульсных перенапряжений класса+Ограничители импульсных перенапряжений классаОграничители импульсных перенапряжений классаОграничители импульсных перенапряжений класса+Ограничители импульсных перенапряжений классаУЗИП для применения в сетях постоянного токаЗащита от импульсных перенапряжений в слаботочных цепях питанияБыстрый выбор ограничителей импульсных перенапржений для защиты оборудования в слаботочных сетях Защита контрольно-измерительных систем Защита информационных и коммуникационных системРазрядники разделительные Принципы подбора ограничителей перенапряжений (УЗИП) в низковольтных электрических сетяхЭнергосбережениеКачество электроэнергии Модельный ряд УЭСМодель PRIMERA Модель MINIMA Модель MEDIA Модель OPTIMA Модель MAXIMA Модель ULTIMA Модель UNLIMITГотовые решенияЭнергоэффективность учреждений здравоохранения Энергоэффективность нефтедобывающих предприятий Энергоэффективность супермаркетаСваркаЭкзотермическая сварка Готовые комплекты ZANDZБиблиотекаПубликацииЗаземлениеЧто это такое и как его сделать Принципы подбора УЗИП в низковольтных электрических сетях Книга ""Вопросы практической молниезащиты"" Книга ""Электромагнитная совместимость с молнией"" Э МБазеляна Видео о заземлении и молниезащитыПолезные материалыЗаземление в вечной мерзлоте Заземление оборудования окраски в электростатическом полеЗаземление опор на линиях электропередач Ветровая нагрузка на молниеприемники Заземление и молниезащита антенн Заземление для АСУ ТП Системы заземления TN-STN-CTNC-STTIT Типы молниеприемников: мачтатрос и сетка Система заземления ITВозможности реализации в жилых домах Уравнивание потенциалов в СКС Информационное заземление Заземление для медицинского оборудованияМолниезащита церквей и храмов Заземление и молниезащита для солнечных электрических систем (фотогальванических систем) Что такое зануление? Омедненная сталь и заземление Электробезопасность в ""умном доме"" Процессы при экзотермической сварке Заземление объектов железнодорожной инфраструктуры Надежность и эффективность работы зеленой молниезащиты Система уравнивания потенциалов Что такое грозозащита? Молниезащита дерев"

https://www.maxidom.ru/,Максидом - интернет-магазин товаров для дома,+78123245555;+78123245541;+79213906584;+78123245797;+78125341433;+78123245513;+78123241735;+78123292579;+78123241734;+78123316720;+78126550525;+78123248380;+78123248801,pred@maxidom.ru;mark1@maxidom.ru;market-reg@maxidom.ru;pr@maxidom.ru;mark23@maxidom.ru;russia@maxidom.ru,7804064663,https://www.maxidom.ru/about/contacts/,Максидом - интернет-магазин товаров для домаВход в личный кабинет Для входа введите мобильный телефон (или e-mail) и парольВойти Восстановить пароль?Можно войти и через соцсетиРегистрация частного покупателяРегистрация юр лицаВведите название сметыСохранитьСмета успешно добавлена в личный кабинетПосмотреть все сметы можно по ссылкеВведите ваш e-mail и мы пришлем сметуОтправить корзинуВведите одноразовый парольНа мобильный телефон указанный в анкете на получениеДисконтной карты отправлено сообщение с паролем для подтвержденияВведите его в форму нижеПрименитьСанкт-ПетербургНижний НовгородКазаньЕкатеринбургСамараМоскваУфаРегионы РФСанкт-ПетербургНижний НовгородКазаньЕкатеринбургСамараМоскваУфаРегионы РФМагазины Услуги Акции Доставка Программа лояльности Активация Карты Для юр лиц Каталог МаксиПроИнстаграм ВконтактеРус EngВход в личный кабинет Для входа введите мобильный телефон (или e-mail) и парольВойтиВосстановить пароль?Можно войти и через соцсетиРегистрация частного покупателяРегистрация юр лицаВойтиСанкт-ПетербургНижний НовгородКазаньЕкатеринбургСамараМоскваУфаРегионы РФСанкт-ПетербургНижний НовгородКазаньЕкатеринбургСамараМоскваУфаРегионы РФО компанииИстория Благотворительность Руководство компании Материалы для скачивания СМИ о МаксидомеПреимуществаИнтернет-магазин Доставка в день заказа Скидки постоянным клиентам Подарочные сертификаты Программа для профессионаловАкцииНовостиПартнерамПоставщикам Арендаторам Реклама в магазинах Максидом ЗемлевладельцамПрограмма лояльностиУслугиДоставка и оплатаСоискателямКонтактыАдреса магазиновПомощьО много руМаксидом - интернет-магазин товаров для домаКаталог товаровКаталог товаровВездеВездеНайтиТовары для сада и отдыхаСадовая техникаНасосное оборудованиеШланги для поливаЗимний инвентарьпротивогололедные средстваТачки садовые и комплектующие к нимЗаборыбордюрыбрусчаткаОсвещение для садаАнтимоскитные товарыПосадочный материалКомнатные растенияХозяйственный инвентарьСадовый инструментОбувь и одежда для работ в садуТуалеты дачныеФонтаныпруды и аксессуары к нимТовары для отдыха на водеТовары для пикникаСадовая мебельСпорт и отдыхДекоративные элементыТеплицыпарники и укрывные материалыУдобрения и грунтыГоршки и емкости для выращивания растенийСредства защиты и ухода за растениямиСредства защиты от грызуновПечи для бани и сауныПринадлежности для бани и сауныКемпинговые товарыСтроительные материалыДревесно-плитные материалыГипсокартон и приспособления для монтажаПиломатериалыпогонажСтроительные смесиТеплозвукоизоляционные материалыПолкищитыфасады мебельныеДвери для шкафовГерметикипены монтажныеКлейКровельные материалыВодосточные системыЛестницы секционныестремянкиМеталлопрокатГазобетонные и стеновые блокикомплектующиеСтроительство фундаментаСетки сварныештукатурныедля ландшафтных работКерамзитизвестьщебеньЗаборПластик листовойТеплые полысистемы антиобледенения и обогреваОкнакомплектующие к нимПечикаминыРасходные материалы для строительных работСантехникаВанныДушевые кабиныУнитазыРаковины и пьедесталыМебель для ванных комнатОборудование для душаСмесителиФильтры для водыНасосыОтопительное оборудованиеВодонагревателиСистемы внешней канализацииСистемы внутренней канализацииИнженерная сантехникаВентиляционное оборудованиеАксессуары для ванной комнатыТеплые полы водяныеЭлектроинструментЛобзикиДрелиШлифовальные машиныФрезерные машиныЭлектропилыПерфораторыПистолеты клеевыеСтеплерыМногофункциональный инструментЭлектрорубанкиЭлектролебедкиФены техническиеПылесосы строительныеМиксеры строительныеБетоносмесителиКраскопультыВиброплитывибротрамбовкиГайковертыАксессуары для электроинструментаРасходные материалы для электроинструментаСредства защитыЭлектроножницыРучной инструментИзмерительный инструментОрганизация рабочего местаОтверткиКлючиголовкиИнструмент для плиткиШарнирно-губцевый инструментУдарно-рычажный инструментФиксирующий инструментПильный инструментРежущий инструментНаборы ручных инструментовИнструмент для стеклаРезьбонарезной инструментСтеплерызаклепочникиИнструмент для обработки поверхностейИнстр

https://mysku.ru/,Обзоры товаров из интернет-магазинов,,,,,Обзоры товаров из интернет-магазиновК содержимомуАвторизацияЗарегистрироватьсяЛогин или элпочтаНапомнить парольПарольВойтиЗапомнить меняВойти илиЗарегистрироватьсяГлавнаяФорум Каталог Скидки ПоискДобавить обзорВсе обзорыЛучшие записиМагазины ЕвропыALLEGRO PLПаяльные станцииПаяльная станция XSOLDERINGW жала JBC CЦена:$Перейти в магазинПаяльная станция XSoldering мощностьюW(я намерилW) подходит для мелких прецизионных работменьшено в то же время жалом типа «Топорик» можно спокойно снять soicСтанция покупалась на аллегроне хотелось ждать доставкуплюс возврат НДСгарантия и прочие мелкие плюшкичитать дальшеПланирую купить +Добавить в избранноеОбзор понравился++мая:автор: infino просмотры:комментарии:DIY или Сделай самКомпрессорыСделано рукамиДопиливание компрессораmai Lite Midrive TPна скорую рукуЛетом прошлого года приобрел компрессор Midrive TPот широко известного в узких кругах производителяmai с полной уверенностью тогочто эта контора делает годные девайсы и компрессор не окажется исключением из этого правилаСлышали наверное про адептов секты Baseusкоторые скупают подряд все безделушкивыпущенные этой конторкойвот и я к тому времени чуть не стал сектантомmaiчитать дальшеДобавить в избранноеПонравилось++мая:автор: gafuroff просмотры:комментарии:Другие магазиныNOVATEK-ELECTRO COMТовары профиспользованияПункт №Контроллер трехфазного АВР ПЭФ-АВР от Новатек-ЭлектроЦена:₴ (около $)Перейти в магазинСегодня у меня на столе АВР или полностью — Автомат Ввода Резервав упрощенном понимании это устройство позволяющее автоматизировать процесс перехода с основной линии на резервную при возникновении неполадок в основнойА так как устройство микроконтроллерноето возможностей и особенностей конечно большео чем и пойдет речь в обзоречитать дальшеПланирую купить +Добавить в избранноеОбзор понравился++мая:автор: kirich просмотры:комментарии:Магазины КитаяFASTTECH COMУмный домДатчик движения + датчик освещенности в одном: Aqara Human Body vZigbeeДобавление в Home AssistantЦена:$ ($ отштук)Перейти в магазинПриветствуюСегодня краткий обзор на сенсор для умного дома — Aqara Human Body sensorДанный датчик совмещает в себе не только датчик движенияно и датчик освещенностиСамый первый датчик движения Xiaomi был по размерам чуть больше этого и не имел поворотной платформы для креплениячто затрудняло настраивать зоны покрытия датчикомК словуданное поворотное крепление можно докупить отдельно или распечатать наD принтере и использовать с тем же датчиком движения XiaomiМоя история с умным домом начинается в годугде-то с первым набором XiaomiТам тоже были датчики движенияоткрытия дверишлюзумная розетка и вроде кнопка была ещевсе работало на первой версии ZigbeeЯ тогда поигрался и продал всеMiHome на китайском регионе тупил по-страшному (причем «китайский регион» сейчас и тогда это разные вещи — сейчас все работает куда шустрее даже на китайскомУ меня еще сохранился старый аккаунт — там даже кабинет не такойкак сейчасСтранночто его еще поддерживают до сих пор)читать дальшеПланирую купить +Добавить в избранноеОбзор понравился+мая:автор: adimahka просмотры:комментарии:Магазины КитаяBANGGOOD COMМикроскопыПункт №Цифровой микроскоп - MUSTOOL GЦена:$Перейти в магазинВсем доброго времени суток!Предлагаю на ваш суд обзор цифрового микроскопа с обещанным увеличением доXподключением к компьютеру в качестве камеры и возможностью записи видео в формате FHDчитать дальшеПланирую купить +Добавить в избранноеОбзор понравился++мая:автор: koticik просмотры:комментарии:DIY или Сделай самФонарики и светодиодные лампыУльтра Фото - небольшая доработка УФ фонарикаНебольшая доработка УФ фонарика и что можно увидеть с его помощьючитать дальшеДобавить в избранноеПонравилось++мая:автор: vadikпросмотры:комментарии:Магазины КитаяBANGGOOD COMТовары профиспользованияСделано рукамиDANIU Mini MIG-Gasless Welding Machine - инверторный сварочный полуавтомат с точки зрения ненастоящего сварщикаЦена:€ и доставка из Чехии€на момент покупкиПерейти в магазинСегодня у нас на обзоре инверторный полуавто

https://www.chipmaker.ru/,Форумы - Металлический форум,,ru@gmail.com,,https://www.chipmaker.ru/contact/,Форумы - Металлический форумПерейти к содержаниюИскать вВездеТемыЕщёПоиск контентасодержащегоВсе слова запросаЛюбое слово запросаПоиск результатов вЗаголовки и содержание контентаТолько заголовки контентаГлавнаяПравила ФорумаФорумыЗагрузкиГалереяБлогиМодераторыПользователи онлайнБольшеАктивностьАктивностьМои публикацииПоискБольшеDirectLotБольшеУже зарегистрированы? ВойтиВойтиЗапомнить Не рекомендуется для компьютеров с общим доступомВойти анонимноВойтиЗабыли пароль?РегистрацияАктивностьГлавнаяПродвижениеЛожементы для инструмента в мастерскойВызов Западу: производство инструмента в МосквеФорумыТехнологии металлообработкиОбщийСОЖ и смазочные материалысообщенияКонцерт станок ОтSkraftчасов назадОбработка резаниемШабрениеОбработка пластиковЗубообработкаТокарнаяфрезерная и прочеесообщенийОбработка отверстия д Нс… ОтРон_Олчаса назадАбразивная обработкаГриндерыТочила и наждакиПескоструйная и дробеструйная обработкаАбразивы: порошкибрускикруги и лентысообщенийХонинговальные головки Отmebdmчасов назадТехнологии сваркиAргонодуговая сварка - TIGПолуавтоматическая сварка - MIG/MAGРучная дуговая сварка - ММAГазовая сваркаПлазменная и газовая резкаКонтактная и точечная сваркаМультифункциональное оборудованиеСамодельное сварочное и вспомогательное оборудованиеПайкаСварка пластиковРасходные материалыВсе виды сварочных работсообщенийКакой плазморез выбрать? ОтSergey-Bчасов назадТермообработкаОборудование для термообработкиТермообработка ТВЧЗакалка и отпусксообщенийARDдоработка до индук… ОтMaximминуты назадЛитейный цехЛитье в домашних условияхЛитье алюминияЛитье полимеровПлавка металлов в домашних условияхсообщенийОтливкахн тл ОтАвас Петяев Вчера в:Обработка давлениемКузнечное делоПрокаткаПрессованиеВолочениеШтамповкаЛистовая штамповка (гибка)сообщенияРезьбонакатной станок UPW … Отden_bgчас назадЛазерные технологиисообщенийСтанок лазерной пайки/свар… ОтАлексей_Фчасов назадДругие методы обработкиХимические и электрохимические технологииЭлектроэрозионная и электрохимическая размерная обработкасообщенийкак определить где ставить… Отsermor Вчера в:Системы ЧПУ и CAD/CAM/CAE технологииПромышленные системы ЧПУЧПУ НЦ-и клонысообщенийВопросы-ответы по Sinumeri… ОтYeapчаса назадЛюбительские системы ЧПУПрограммное обеспечение - MaсhПрограммное обеспечение - LinuxCNCD печатьсообщенийСкрипт для запуска файла Отnachinaushiiчасов назадCAD - cистемы автоматизированного проектированияSolidWorksсообщенийРасчёт корпуса на деформац… ОтДобрый Тролльчасов назадCAM - подготовка управляющих программсообщенийCAM система для чпу стекло… ОтProllor Понедельник в:CAE - системы инженерного анализасообщенийПрограмма для моделировани… ОтmirsфевраляСтанкиматериалы и инструментыНа опознаниеЗдесь можно попросить опознать неизвестное оборудование и материалыЗапрещены вопросы по оценке работоборудования и оснасткиКупля-продажа запрещенасообщенийВопрос знатокам: что за ин… ОтKdenisминуты назадВидеовопросыЕсли не получается объяснить словамисообщениеВопросы по разделу ОтkrymапреляВопросы по выбору станков и оборудованиясообщенияТурецкий наплавочно-расточ… ОтStobenskiчасов назадПромышленные станкиРемонт и восстановление станков (общие вопросы)Токарные станкиИмпортные токарные станкиФрезерные станкиИмпортные фрезерные станкиКоординатно-расточные станкиСтрогальные и долбежные станкиШлифовальные станкиСверлильные станкиЗаточные станкиЗубообрабатывающие станкиКузнечно-прессовое оборудованиеДругое импортное оборудованиеДеревообрабатывающие станкисообщенияEMU-FP покупка и воста… Отnoosferaминуты назадКитайские хоббийные станкиТокарные станкиФрезерные станкиСверлильные станкиЗаточные станкиОснасткаЭксплуатацияремонттюнингсообщенияNUVOBAMS WML с Aliexpres… ОтVelundминут назадЧасовые станки и приспособлениясообщенийТокарный станокВ(А?) Отdedalчасов назадСамодельные станкисообщениеСамодельный станок с двута… Отмашинистминут назадЭлектроприводЭлектродвигателичастотникисхемы подключениясообщенияЗнатокам ПЧ ABB ach… ОтВалчаса назадИзмерительный инструмент и оборудованиеУЦИ и электронные линейкиТве

https://taina-svarki.ru/,Сварка металлов и сплавов. Всё о процессах сварки,,,,,"Сварка металлов и сплавовВсё о процессах сваркиГлавная О сайте Карта сайта Услуги Контакты ЛитератураСвариваемостьметалловСварка чёрных металловСварка цветных металловСпособы сваркиКачество сваркиСварка разных изделийГлавнаяСварка металлов и сплавовВсё о процессах сварки Уважаемые наши посетителидобро пожаловать на наш информационный сайтпосвящённыйтакой темекак сварка металлов и всемучто связано с процессом сваркиКаждый из нас ежедневно использует разнообразные конструкциисостоящие из металлаили других материаловнапримердеревянныеи пластиковые конструкцииИ все они состоят из отдельных элементовсоединённых вместеЭти соединения бывают разных типов: разъёмные и неразъёмныеподвижные и неподвижныеи зависит это от тогодля чего это соединение предназначеноСреди процессовполучения неподвижных неразъёмных соединений большую популярность получила сваркаведь она даёт нам большие возможности для создания прочных цельных конструкцийиз различных материаловне только из металлаСваркой называется создание неразъёмногосоединенияпри котороммежду соединяемыми материалами устанавливаются межатомныесвязиблагодаря действию высоких температурдавления илии температурыидавленияодновременноИ на сайте taina-svarki ru мы предоставим вамуважаемые наши читателивсюинформацию о процессахи сущности сваркисварочном оборудованиитехнологии сварки различных материаловПодробно разберём сварку цветных металлов и сплавовсваркучёрных металлов и сталейРасскажем обо всех видахсваркиприменяемых на практикеУ нас каждый человекинтересующийся сваркойнайдёт много новой и актуальной информации о нейПознакомиться с сайтом и его автором поближе вы можете на странице ""Осайте""Если у вас появятся вопросы и предложениято вы можете связатьсяс намиперейдя во вкладку ""Контакты""Во вкладке ""Услуги""вы узнаетечем наш сайт может быть полезен ещёкроме предоставления актуальнойи востребованной информации по сваркеВо вкладке ""Литература""находится список всей литературына данные из которой мы опирались при написаниистатей(c) taina-svarki ru Публикация материалов сайта в интеренете возможна только при указании активной ссылки на сайт taina-svarki ruИспользовать картинки возможно только при сохранении на них доменного имени taina-svarki ruАвтор в Google+"

https://www.bralo.cz/,"Bralo - trhací nýty, nýtovací matice, nýtovací kleště",,bralo@bralo.cz,,https://www.bralo.cz/kontakty/,Bralo - trhací nýtynýtovací maticenýtovací kleštěTRHACÍ NÝTYISO:/ISO TSHlavní stránka Hlavní stránkaProduktyTrhací nýty Trhací nýt se skládá z těla nýtu a trnuJednotlivé části mohou být z různých materiálů a jejich kombinacíKromě materiálu pak rozlišujeme tvíce informacíNýtovací matice Nýtovací matice používáme jako spojovací prvekpo jehož aplikaci získáme navíc neporušený závit připravený k přišroubování dalšího materiáluči v pvíce informacíNýtovací kleště Nýtovací kleště BRALO pro aplikaci trhacích nýtů a nýtovacích maticRučnípneumatické i akumulátorové nářadívíce informacíNáhradní díly Pro poskytnutí okamžitého servisu disponujeme skladovými zásobami náhradních dílů na všechny typy nýtovacích kleštívíce informacíO společnostiPolitikou firmy BRALO je nabízet zákazníkům vždy dostupné zboží v té nejlepší kvalitě za konkurenční ceny a poskytovat perfektní servisvíce informacíNabízíme Vám ucelený sortiment nýtovací techniky - více nežtypů trhacích nýtů a matic v různém materiálovém provedení (hliníkocelnerezová ocelměďbrvíce informacíNáš výrobní systém s nejmodernější technologií a plnou automatizací nám umožňuje vyrábět více nežtrhacích nýtů ročněVysoce výkonné stroje řízené počítavíce informacíKvalitav každé fázi výroby a prodeje je zaručena a doložena certifikátem ISO:a certifikátem pro automobilový průmyslvíce informacíBralo ve světěFranciePortugalskoMexikoČeská RepublikaNěmeckoŠpanělskoAnglieItálieTureckoMENUProduktyKatalogO společnostiCertifikátyNovinkyDotazyKontaktyBralo ve světěInformace k likvidaci použitého aku nářadí a bateriíVyhledáváníHledatPřihlášení Uživatelské jméno: Uživatelské heslo:PřihlásitPodporujemeProdukty|Katalog|O společnosti Bralo|Certifikáty|Novinky|Dotazy|Kontakty|Bralo ve světě|Informace k likvidaci použitého aku nářadí a baterií OdkazyDesign & programming by SOVA NETs r o©BRALO | www bralo cz | top | mapa stránek

